DROP TABLE IF EXISTS `Storage`;
CREATE TABLE `Storage` (
    `id` INTEGER NOT NULL PRIMARY KEY,
    `icon` INTEGER NOT NULL,
    `name` VARCHAR(30) NOT NULL
);

DROP TABLE IF EXISTS `Category`;
CREATE TABLE `Category` (
    `id` INTEGER NOT NULL PRIMARY KEY,
    `icon` INTEGER NOT NULL,
    `name` VARCHAR(30) NOT NULL
);

DROP TABLE IF EXISTS `Product`;
CREATE TABLE `Product` (
    `id` INTEGER NOT NULL PRIMARY KEY,
    `name` VARCHAR(30) NOT NULL,
    `icon` INTEGER NOT NULL,
    `description` VARCHAR(100) NOT NULL,
    `ct_fk` INTEGER NOT NULL,
    FOREIGN KEY(`ct_fk`) REFERENCES `Category`(`id`)
);

DROP TABLE IF EXISTS `Savings`;
CREATE TABLE `Savings` (
    `id` INTEGER NOT NULL PRIMARY KEY,
    `amount` DECIMAL(10, 2) NOT NULL,
    `added` DATE NOT NULL,
    `expiracy` DATE NOT NULL,
    `st_fk` INTEGER NOT NULL,
    `pr_fk` INTEGER NOT NULL,
    FOREIGN KEY(`st_fk`) REFERENCES `Storage`(`id`),
    FOREIGN KEY(`pr_fk`) REFERENCES `Product`(`id`)
);

INSERT INTO
    `Storage` (`id`, `icon`, `name`)
VALUES
    (0, 0, 'Nevera'),
    (1, 1, 'Congelador'),
    (2, 2, 'Alacena');

INSERT INTO
    `Category` (`id`, `icon`, `name`)
VALUES
    (0, 0, 'Frutas'),
    (1, 1, 'Verduras'),
    (2, 2, 'Carnes'),
    (3, 3, 'Mariscos'),
    (4, 4, 'Lácteos'),
    (5, 5, 'Bebidas'),
    (6, 6, 'Condimentos y especias'),
    (7, 7, 'Cereales y granos'),
    (8, 8, 'Dulces'),
    (9, 9, 'Otros');

INSERT INTO
    `Product` (`id`, `name`, `icon`, `description`, `ct_fk`)
VALUES
    (0, 'Arandano', 0, 'Una caja de arandanos', 0),
    (1, 'Fresa', 1, 'Un paquete de fresas', 0),
    (2, 'Manzana', 2, 'Una manzana roja', 0),
    (3, 'Pera', 3, 'Una pera', 0),
    (4, 'Papaya', 4, 'Una papaya', 0),
    (5, 'Piña', 5, 'Una piña', 0),
    (6, 'Sandia', 6, 'Una sandia', 0),
    (7, 'Banana', 7, 'Una banana', 0),
    (8, 'Cereza', 8, 'Un paquete de cerezas', 0),
    (9, 'Ciruela', 9, 'Una ciruela', 0),
    (10, 'Coco', 10, 'Un coco', 0),
    (11, 'Durazno', 11, 'Un durazno', 0),
    (12, 'Guayaba', 12, 'Una guayaba', 0),
    (13, 'kiwi', 13, 'Un kiwi', 0),
    (14, 'limón', 14, 'Un limón', 0),
    (15, 'Mandarina', 15, 'Una mandarina', 0),
    (16, 'Mango', 16, 'Un mango', 0),
    (17, 'Manzana verde', 17, 'Una manzana verde', 0),
    (18, 'Melon', 18, 'Un melon', 0),
    (19, 'Naranja', 19, 'Una naranja', 0),
    (20, 'Aguacate', 20, 'Un aguacate', 0),
    (21, 'Sandia', 21, 'Una sandia', 0),
    (22, 'Uvas', 22, 'Un racimo de uvas', 0),
    (23, 'Apio', 23, 'Un tallo de apio', 1),
    (24, 'Tomate', 24, 'Un tomate', 1),
    (25, 'Cebolla larga', 25, 'Un tallo de cebolla larga', 1),
    (26, 'Cebolla cabezona', 26, 'Una cebolla cabezona', 1),
    (27, 'Brócoli', 27, 'Un ramo de brócoli', 1),
    (28, 'Calabaza', 28, 'Una calabaza', 1),
    (29, 'Berenjena', 29, 'Una berenjena', 1),
    (30, 'Calabacín', 30, 'Un calabacín', 1),
    (31, 'Espinanaca', 31, 'Un ramo de espinaca', 1),
    (32, 'Lechuga', 32, 'Una lechuga', 1),
    (33, 'Champiñon', 33, 'Un champiñon o un paquete de champiñon', 1),
    (34, 'Maíz', 34, 'Un maíz', 1),
    (35, 'Pimenton', 35, 'Un pimenton', 1),
    (36, 'Remolacha', 36, 'Una remolacha', 1),
    (37, 'Rábano', 37, 'Un rábano', 1),
    (38, 'Zanahoria', 38, 'Una zanahoria', 1),
    (39, 'Alitas de pollo', 39, 'Una libra de alitas de pollo', 2),
    (40, 'Cerdo', 40, 'Una libra de cerdo', 2),
    (41, 'Res', 41, 'Una libra de res', 2),
    (42, 'Pollo', 42, 'Una libra de pollo', 2),
    (43, 'Chorizo', 43, 'Un chorizo', 2),
    (44, 'Cordero', 44, 'Una libra de cordero', 2),
    (45, 'Costilla de res', 45, 'Una libra de costilla de res', 2),
    (46, 'Costilla de cerdo', 46, 'Una libra de costilla de cerdo', 2),
    (47, 'Jamón', 47, 'Una libra de jamón', 2),
    (48, 'Pavo', 48, 'Una libra de pavo', 2),
    (49, 'Pechuga de pollo', 49, 'Una libra de pechuga de pollo', 2),
    (50, 'Pato', 50, 'Una libra de pato', 2),
    (51, 'Tocino', 51, 'Una libra de tocino', 2),
    (52, 'Piernas de pollo', 52, 'Una libra de piernas de pollo', 2),
    (53, 'Res molido', 53, 'Una libra de res molido', 2),
    (54, 'Cerdo molido', 54, 'Una libra de cerdo molido', 2),
    (55, 'Huevo', 55, 'Un huevo', 2),
    (56, 'Huevo de codorniz', 56, 'Un paquete de huevo de codorniz', 2),
    (57, 'Sardina', 57, 'Una libra de sardina', 3),
    (58, 'Langosta', 58, 'Una langosta', 3),
    (59, 'Cangrejo', 59, 'Un cangrejo', 3),
    (60, 'Pescado', 60, 'Una libra de pescado', 3),
    (61, 'Pulpo', 61, 'Una libra de pulpo', 3),
    (62, 'Ostra', 62, 'Una ostra', 3),
    (63, 'Camarón', 63, 'Una libra de camarón', 3),
    (64, 'Trucha', 64, 'Una libra de trucha', 3),
    (65, 'Atún', 55, 'Una libra de átun', 3),
    (66, 'Salmón', 56, 'Una libra de salmón', 3),
    (67, 'Leche', 67, 'Un litro de leche', 4),
    (68, 'Yogurt', 68, 'Un yogurt', 4),
    (69, 'Crema de leche', 69, 'media libra de crema de leche', 4),
    (70, 'Queso crema', 70, 'Una libra de queso crema', 4),
    (71, 'Mantequilla', 71, 'Una barra de mantequilla', 4),
    (72, 'Queso', 72, 'Una libra de queso', 4),
    (73, 'Agua', 73, 'Una botella de agua', 5),
    (74, 'Agua con gas', 74, 'Una botella de agua con gas', 5),
    (75, 'Bebida energética', 75, 'Una bebida energética', 5),
    (76, 'Gaseosa', 76, 'Una gaseosa', 5),
    (77, 'Vino', 77, 'Una botella de vino', 5),
    (78, 'Vodka', 78, 'Una botella de vodka', 5),
    (79, 'Whisky', 79, 'Una botella de whisky', 5),
    (80, 'Jugo de naranja', 80, 'Una botella de jugo de naranja', 5),
    (81, 'Limonada', 81, 'Un litro de limonda', 5),
    (82, 'Cerveza', 82, 'Una cerveza', 5),
    (83, 'Té', 83, 'Una botella de té', 5),
    (84, 'Café', 84, 'Una botella de café', 5),
    (85, 'Ron', 85, 'Una botella de ron', 5),
    (86, 'Tequila', 86, 'Una botella de tequila', 5),
    (87, 'Ginebra', 87, 'Una botella de ginebra', 5),
    (88, 'Aceite de oliva', 88, 'Una botella de aceite de oliva', 6),
    (89, 'Aceite de girasol', 89, 'Una botella de aceite de girasol', 6),
    (90, 'Aceite', 90, 'Una botella de aceite', 6),
    (91, 'Sal', 91, 'una libra de sal', 6),
    (92, 'Azúcar', 92, 'una libra de azucar', 6),
    (93, 'Salsa de soja', 93, 'Una botella de salsa de soja', 6),
    (94, 'Mantequilla de maní', 94, 'Un tarro de mantequilla de maní', 6),
    (95, 'Mostaza', 95, 'Una botella de mostaza', 6),
    (96, 'Pimienta', 96, 'Un tarro de pimienta', 6),
    (97, 'Jengibre', 97, 'Media libra de jengibre', 6),
    (98, 'Canela', 98, 'Media libra de canela', 6),
    (99, 'Salsa BBQ', 99, 'Un tarro de salsa BBQ', 6),
    (100, 'Cilantro', 100, 'Media libra de cilantro', 6),
    (101, 'Clavo de olor', 101, 'Media libra de clavo de olor', 6),
    (102, 'Comino', 102, 'Media libra de comino', 6),
    (103, 'Miel', 103, 'medio litro de miel', 6),
    (104, 'Vinagre', 104, 'Un litro de vinagre', 6),
    (105, 'Salsa de tomate', 105, 'Un tarro de salsa de tomate', 6),
    (106, 'Mayonesa', 106, 'Un tarro de mayonesa', 6),
    (107, 'Albahaca', 107, 'Media libra de albahaca', 6),
    (108, 'Menta', 108, 'Media libra de menta', 6),
    (109, 'Romero', 109, 'Media libra de romero', 6),
    (110, 'Escencia de vainilla', 110, 'Un cuarto de litro de escencia de vainilla', 6),
    (111, 'Harina', 111, 'Media libra de harina', 7),
    (112, 'Harina de trigo', 112, 'Media libra de harina de trigo', 7),
    (113, 'Harina de maíz', 113, 'Media libra de harina de maíz', 7),
    (114, 'Avena', 114, 'Media libra de avena', 7),
    (115, 'Arroz', 115, 'Media libra de arroz', 7),
    (116, 'Frijol rojo', 116, 'Media libra de frijol rojo', 7),
    (117, 'Lenteja', 117, 'Media libra de lenteja', 7),
    (118, 'Garbanzo', 118, 'Media libra de garbanzo', 7),
    (119, 'Pasta', 119, 'Media libra de pasta', 7),
    (120, 'Pan', 120, 'Media libra de pan', 7),
    (121, 'Pan de molde', 121, 'Media libra de pan de molde', 7),
    (122, 'Pan integral', 122, 'Media libra de pan integral', 7),
    (123, 'Rosquilla', 123, 'Una rosquilla', 7),
    (124, 'Galleta', 124, 'Una galleta', 7),
    (125, 'Galleta de chocolate', 125, 'Una galleta de chocolate', 7),
    (126, 'Frijol negro', 126, 'Media libra de frijol negro', 7),
    (127, 'Quinua', 127, 'Media libra de quinua', 7),
    (128, 'Ajonjolí', 128, 'Media libra de ajonjolí', 7),
    (129, 'Maní', 129, 'Media libra de maní', 7),
    (130, 'Maní tostado', 130, 'Media libra de maní tostado', 7),
    (131, 'Maní con sal', 131, 'Media libra de maní con sal', 7),
    (132, 'Chocolate', 132, 'Una barra de chocolate', 8),
    (133, 'Gelatina', 133, 'Una gelatina', 8),
    (134, 'Helado', 134, 'Un tarro de helado', 8),
    (135, 'Mermelada', 135, 'Un tarro de mermelada', 8),
    (136, 'Miel de maple', 136, 'Una botella de miel de maple', 8),
    (137, 'Caramelo', 137, 'Una botella de caramelo', 8),
    (138, 'Malvavisco', 138, 'Una bolsa de malvavisco', 8),
    (139, 'Chicle', 139, 'Un paquete de chicles', 8),
    (140, 'Pastel', 140, 'Una porción de pastel o un pastel completo', 8),
    (141, 'Postre', 141, 'Un postre', 8),
    (142, 'Proteína', 142, 'Un tarro de suplemento de proteína', 9),
    (143, 'Comida para mascota', 143, 'Un kilo de comida para mascota', 9),
    (144, 'Leche de bebé', 144, 'Un tarro de leche de bebé', 9),
    (145, 'Vitaminas', 145, 'Un tarro de suplementos vitaminicos', 9);
